-- phpMyAdmin SQL Dump
-- version 4.8.3
-- https://www.phpmyadmin.net/
--
-- Хост: 127.0.0.1
-- Время создания: Дек 18 2018 г., 13:20
-- Версия сервера: 10.1.37-MariaDB
-- Версия PHP: 7.2.12

SET SQL_MODE = "NO_AUTO_VALUE_ON_ZERO";
SET AUTOCOMMIT = 0;
START TRANSACTION;
SET time_zone = "+00:00";


/*!40101 SET @OLD_CHARACTER_SET_CLIENT=@@CHARACTER_SET_CLIENT */;
/*!40101 SET @OLD_CHARACTER_SET_RESULTS=@@CHARACTER_SET_RESULTS */;
/*!40101 SET @OLD_COLLATION_CONNECTION=@@COLLATION_CONNECTION */;
/*!40101 SET NAMES utf8mb4 */;

--
-- База данных: `dvm02_factory`
--

-- --------------------------------------------------------

--
-- Структура таблицы `ff_division`
--

CREATE TABLE `ff_division` (
  `id` int(11) NOT NULL,
  `id_visitor_create` int(11) NOT NULL,
  `id_visitor_update` int(11) NOT NULL,
  `name` varchar(255) NOT NULL,
  `date_create` datetime NOT NULL DEFAULT CURRENT_TIMESTAMP,
  `date_update` datetime NOT NULL,
  `remark` text NOT NULL,
  `status` int(11) NOT NULL,
  `del` int(11) NOT NULL
) ENGINE=MyISAM DEFAULT CHARSET=utf8;

--
-- Дамп данных таблицы `ff_division`
--

INSERT INTO `ff_division` (`id`, `id_visitor_create`, `id_visitor_update`, `name`, `date_create`, `date_update`, `remark`, `status`, `del`) VALUES
(10, 1, 0, 'Бухгалтерия', '2018-11-25 12:51:09', '0000-00-00 00:00:00', '', 0, 0),
(9, 1, 1, 'Производство', '2018-11-24 23:53:05', '2018-11-24 23:55:36', '0', 0, 0);

-- --------------------------------------------------------

--
-- Структура таблицы `ff_doc_operating_map`
--

CREATE TABLE `ff_doc_operating_map` (
  `id` int(11) NOT NULL,
  `id_rout_map_item` int(11) NOT NULL,
  `id_visitor_create` int(11) NOT NULL,
  `id_visitor_update` int(11) NOT NULL,
  `id_equipment` int(11) NOT NULL,
  `type_operation` int(11) NOT NULL,
  `firmness` varchar(255) NOT NULL,
  `ev` varchar(255) NOT NULL,
  `md` varchar(255) NOT NULL,
  `profile` varchar(255) NOT NULL,
  `mz` varchar(255) NOT NULL,
  `koid` varchar(255) NOT NULL,
  `program` varchar(255) NOT NULL,
  `t_o` varchar(255) NOT NULL,
  `t_v` varchar(255) NOT NULL,
  `t_pz` varchar(255) NOT NULL,
  `t_st` varchar(255) NOT NULL,
  `emulsion` varchar(255) NOT NULL,
  `date_create` datetime NOT NULL DEFAULT CURRENT_TIMESTAMP,
  `date_update` datetime NOT NULL,
  `approve_1` varchar(255) NOT NULL,
  `approve_2` varchar(255) NOT NULL,
  `approve_3` varchar(255) NOT NULL,
  `approve_4` varchar(255) NOT NULL,
  `approve_5` varchar(255) NOT NULL,
  `approve_6` varchar(255) NOT NULL,
  `approve_7` varchar(255) NOT NULL,
  `approve_8` varchar(255) NOT NULL,
  `remark` text NOT NULL,
  `status` int(11) NOT NULL,
  `del` int(11) NOT NULL
) ENGINE=MyISAM DEFAULT CHARSET=utf8;

--
-- Дамп данных таблицы `ff_doc_operating_map`
--

INSERT INTO `ff_doc_operating_map` (`id`, `id_rout_map_item`, `id_visitor_create`, `id_visitor_update`, `id_equipment`, `type_operation`, `firmness`, `ev`, `md`, `profile`, `mz`, `koid`, `program`, `t_o`, `t_v`, `t_pz`, `t_st`, `emulsion`, `date_create`, `date_update`, `approve_1`, `approve_2`, `approve_3`, `approve_4`, `approve_5`, `approve_6`, `approve_7`, `approve_8`, `remark`, `status`, `del`) VALUES
(66, 126, 1, 0, 0, 0, '', '', '', '', '', '', '', '', '', '', '', '', '2018-12-06 00:22:01', '0000-00-00 00:00:00', '', '', '', '', '', '', '', '', '', 0, 0),
(64, 124, 1, 0, 0, 0, '', '', '', '', '', '', '', '', '', '', '', '', '2018-12-06 00:21:53', '0000-00-00 00:00:00', '', '', '', '', '', '', '', '', '', 0, 0),
(65, 125, 1, 0, 0, 0, '', '', '', '', '', '', '', '', '', '', '', '', '2018-12-06 00:21:57', '0000-00-00 00:00:00', '', '', '', '', '', '', '', '', '', 0, 0),
(67, 127, 1, 0, 0, 0, '', '', '', '', '', '', '', '', '', '', '', '', '2018-12-06 00:22:05', '0000-00-00 00:00:00', '', '', '', '', '', '', '', '', '', 0, 0),
(62, 122, 1, 0, 0, 0, '', '', '', '', '', '', '', '', '', '', '', '', '2018-12-01 17:55:39', '0000-00-00 00:00:00', '', '', '', '', '', '', '', '', '', 0, 0),
(61, 121, 1, 0, 0, 0, '', '', '', '', '', '', '', '', '', '', '', '', '2018-12-01 17:54:08', '0000-00-00 00:00:00', '', '', '', '', '', '', '', '', '', 0, 0),
(60, 120, 1, 0, 0, 0, '', '', '', '', '', '', '', '', '', '', '', '', '2018-12-01 17:53:59', '0000-00-00 00:00:00', '', '', '', '', '', '', '', '', '', 0, 0),
(63, 123, 1, 0, 0, 0, '', '', '', '', '', '', '', '', '', '', '', '', '2018-12-06 00:21:50', '0000-00-00 00:00:00', '', '', '', '', '', '', '', '', '', 0, 0),
(59, 119, 1, 0, 0, 0, '', '', '', '', '', '', '', '', '', '', '', '', '2018-12-01 15:38:19', '0000-00-00 00:00:00', '', '', '', '', '', '', '', '', '', 0, 0),
(58, 118, 1, 0, 0, 0, '', '', '', '', '', '', '', '', '', '', '', '', '2018-12-01 15:38:13', '0000-00-00 00:00:00', '', '', '', '', '', '', '', '', '', 0, 0),
(57, 117, 1, 1, 7, 0, '0', '0', '0', '0', '0', '0', '0', '0', '0', '0', '0', '0', '2018-12-01 15:38:09', '2018-12-01 17:24:33', '{}', '{}', '{}', '{}', '{}', '{}', '{}', '{}', '0', 0, 0),
(56, 116, 1, 1, 6, 0, '0', '0', '0', '0', '0', '0', '0', '0', '0', '0', '0', '0', '2018-12-01 15:38:03', '2018-12-01 17:24:15', '{}', '{}', '{}', '{}', '{}', '{}', '{}', '{}', '0', 0, 0),
(55, 115, 1, 1, 8, 0, '0', '0', '0', '0', '0', '0', '0', '0', '0', '0', '0', '0', '2018-12-01 15:37:53', '2018-12-01 17:24:23', '{}', '{}', '{}', '{}', '{}', '{}', '{}', '{}', '0', 0, 0),
(54, 114, 1, 1, 6, 2, '10', '20', '30', '40', '50', '60', 'павпвп', '88', '55', '66', '66', '22', '2018-12-01 15:37:41', '2018-12-14 00:20:46', '{}', '{}', '{}', '{}', '{}', '{}', '{}', '{}', '0', 0, 0),
(68, 128, 1, 0, 0, 0, '', '', '', '', '', '', '', '', '', '', '', '', '2018-12-06 00:22:10', '0000-00-00 00:00:00', '', '', '', '', '', '', '', '', '', 0, 0),
(69, 129, 1, 0, 0, 0, '', '', '', '', '', '', '', '', '', '', '', '', '2018-12-06 00:22:14', '0000-00-00 00:00:00', '', '', '', '', '', '', '', '', '', 0, 0),
(70, 130, 1, 0, 0, 0, '', '', '', '', '', '', '', '', '', '', '', '', '2018-12-06 00:22:19', '0000-00-00 00:00:00', '', '', '', '', '', '', '', '', '', 0, 0),
(71, 131, 1, 0, 0, 0, '', '', '', '', '', '', '', '', '', '', '', '', '2018-12-06 00:22:23', '0000-00-00 00:00:00', '', '', '', '', '', '', '', '', '', 0, 0),
(72, 132, 1, 0, 0, 0, '', '', '', '', '', '', '', '', '', '', '', '', '2018-12-06 00:22:27', '0000-00-00 00:00:00', '', '', '', '', '', '', '', '', '', 0, 0),
(73, 133, 1, 0, 0, 0, '', '', '', '', '', '', '', '', '', '', '', '', '2018-12-06 00:22:30', '0000-00-00 00:00:00', '', '', '', '', '', '', '', '', '', 0, 0),
(74, 134, 1, 0, 0, 0, '', '', '', '', '', '', '', '', '', '', '', '', '2018-12-06 00:22:34', '0000-00-00 00:00:00', '', '', '', '', '', '', '', '', '', 0, 0),
(75, 135, 1, 0, 0, 0, '', '', '', '', '', '', '', '', '', '', '', '', '2018-12-06 00:22:37', '0000-00-00 00:00:00', '', '', '', '', '', '', '', '', '', 0, 0),
(76, 136, 1, 0, 0, 0, '', '', '', '', '', '', '', '', '', '', '', '', '2018-12-06 00:22:41', '0000-00-00 00:00:00', '', '', '', '', '', '', '', '', '', 0, 0),
(77, 137, 1, 0, 0, 0, '', '', '', '', '', '', '', '', '', '', '', '', '2018-12-06 00:22:44', '0000-00-00 00:00:00', '', '', '', '', '', '', '', '', '', 0, 0),
(78, 138, 1, 0, 0, 0, '', '', '', '', '', '', '', '', '', '', '', '', '2018-12-06 00:22:48', '0000-00-00 00:00:00', '', '', '', '', '', '', '', '', '', 0, 0),
(79, 139, 1, 0, 0, 0, '', '', '', '', '', '', '', '', '', '', '', '', '2018-12-06 00:22:52', '0000-00-00 00:00:00', '', '', '', '', '', '', '', '', '', 0, 0),
(80, 140, 1, 0, 0, 0, '', '', '', '', '', '', '', '', '', '', '', '', '2018-12-06 00:22:55', '0000-00-00 00:00:00', '', '', '', '', '', '', '', '', '', 0, 0),
(81, 141, 1, 0, 0, 0, '', '', '', '', '', '', '', '', '', '', '', '', '2018-12-06 00:22:59', '0000-00-00 00:00:00', '', '', '', '', '', '', '', '', '', 0, 0),
(82, 142, 1, 0, 0, 0, '', '', '', '', '', '', '', '', '', '', '', '', '2018-12-06 00:23:04', '0000-00-00 00:00:00', '', '', '', '', '', '', '', '', '', 0, 0),
(83, 143, 1, 0, 0, 0, '', '', '', '', '', '', '', '', '', '', '', '', '2018-12-06 00:23:07', '0000-00-00 00:00:00', '', '', '', '', '', '', '', '', '', 0, 0),
(84, 144, 1, 0, 0, 0, '', '', '', '', '', '', '', '', '', '', '', '', '2018-12-13 23:03:52', '0000-00-00 00:00:00', '', '', '', '', '', '', '', '', '', 0, 0),
(85, 145, 1, 0, 0, 0, '', '', '', '', '', '', '', '', '', '', '', '', '2018-12-13 23:03:56', '0000-00-00 00:00:00', '', '', '', '', '', '', '', '', '', 0, 0),
(86, 146, 1, 0, 0, 0, '', '', '', '', '', '', '', '', '', '', '', '', '2018-12-13 23:04:00', '0000-00-00 00:00:00', '', '', '', '', '', '', '', '', '', 0, 0),
(87, 147, 1, 0, 0, 0, '', '', '', '', '', '', '', '', '', '', '', '', '2018-12-13 23:04:03', '0000-00-00 00:00:00', '', '', '', '', '', '', '', '', '', 0, 0),
(88, 148, 1, 0, 0, 0, '', '', '', '', '', '', '', '', '', '', '', '', '2018-12-13 23:04:07', '0000-00-00 00:00:00', '', '', '', '', '', '', '', '', '', 0, 0),
(89, 149, 1, 0, 0, 0, '', '', '', '', '', '', '', '', '', '', '', '', '2018-12-13 23:04:10', '0000-00-00 00:00:00', '', '', '', '', '', '', '', '', '', 0, 0),
(90, 150, 1, 0, 0, 0, '', '', '', '', '', '', '', '', '', '', '', '', '2018-12-13 23:04:14', '0000-00-00 00:00:00', '', '', '', '', '', '', '', '', '', 0, 0),
(91, 151, 1, 0, 0, 0, '', '', '', '', '', '', '', '', '', '', '', '', '2018-12-13 23:04:18', '0000-00-00 00:00:00', '', '', '', '', '', '', '', '', '', 0, 0),
(92, 152, 1, 0, 0, 0, '', '', '', '', '', '', '', '', '', '', '', '', '2018-12-13 23:04:22', '0000-00-00 00:00:00', '', '', '', '', '', '', '', '', '', 0, 0),
(93, 153, 1, 0, 0, 0, '', '', '', '', '', '', '', '', '', '', '', '', '2018-12-13 23:04:25', '0000-00-00 00:00:00', '', '', '', '', '', '', '', '', '', 0, 0),
(94, 154, 1, 0, 0, 0, '', '', '', '', '', '', '', '', '', '', '', '', '2018-12-13 23:04:33', '0000-00-00 00:00:00', '', '', '', '', '', '', '', '', '', 0, 0),
(95, 155, 1, 0, 0, 0, '', '', '', '', '', '', '', '', '', '', '', '', '2018-12-13 23:04:37', '0000-00-00 00:00:00', '', '', '', '', '', '', '', '', '', 0, 0),
(96, 156, 1, 0, 0, 0, '', '', '', '', '', '', '', '', '', '', '', '', '2018-12-13 23:04:41', '0000-00-00 00:00:00', '', '', '', '', '', '', '', '', '', 0, 0),
(97, 157, 1, 0, 0, 0, '', '', '', '', '', '', '', '', '', '', '', '', '2018-12-13 23:04:45', '0000-00-00 00:00:00', '', '', '', '', '', '', '', '', '', 0, 0),
(98, 158, 1, 0, 0, 0, '', '', '', '', '', '', '', '', '', '', '', '', '2018-12-13 23:04:48', '0000-00-00 00:00:00', '', '', '', '', '', '', '', '', '', 0, 0),
(99, 159, 1, 0, 0, 0, '', '', '', '', '', '', '', '', '', '', '', '', '2018-12-13 23:04:53', '0000-00-00 00:00:00', '', '', '', '', '', '', '', '', '', 0, 0);

-- --------------------------------------------------------

--
-- Структура таблицы `ff_doc_operating_map_item`
--

CREATE TABLE `ff_doc_operating_map_item` (
  `id` int(11) NOT NULL,
  `id_operating_map` int(11) NOT NULL,
  `id_visitor_create` int(11) NOT NULL,
  `id_visitor_update` int(11) NOT NULL,
  `num_operation` int(11) NOT NULL,
  `description` text NOT NULL,
  `val_pi` varchar(255) NOT NULL,
  `val_d_v` varchar(255) NOT NULL,
  `val_l` varchar(255) NOT NULL,
  `val_t` varchar(255) NOT NULL,
  `val_i` varchar(255) NOT NULL,
  `val_s` varchar(255) NOT NULL,
  `val_n` varchar(255) NOT NULL,
  `val_v` varchar(255) NOT NULL,
  `val_t_o` varchar(255) NOT NULL,
  `val_t_v` varchar(255) NOT NULL,
  `date_create` datetime NOT NULL DEFAULT CURRENT_TIMESTAMP,
  `date_update` datetime NOT NULL,
  `del` int(11) NOT NULL
) ENGINE=MyISAM DEFAULT CHARSET=utf8;

--
-- Дамп данных таблицы `ff_doc_operating_map_item`
--

INSERT INTO `ff_doc_operating_map_item` (`id`, `id_operating_map`, `id_visitor_create`, `id_visitor_update`, `num_operation`, `description`, `val_pi`, `val_d_v`, `val_l`, `val_t`, `val_i`, `val_s`, `val_n`, `val_v`, `val_t_o`, `val_t_v`, `date_create`, `date_update`, `del`) VALUES
(20, 54, 1, 1, 5, 'Заготовить 5', '1', '2', '3', '4', '5', '6', '7', '8', '9', '10', '2018-12-04 21:20:17', '2018-12-05 23:51:44', 0),
(19, 54, 1, 1, 4, 'Заготовить 4', '1', '2', '3', '4', '5', '6', '7', '8', '9', '10', '2018-12-04 21:20:14', '2018-12-05 23:51:44', 0),
(18, 54, 1, 1, 3, 'Заготовить 3', '1', '2', '3', '4', '5', '6', '7', '8', '9', '10', '2018-12-04 21:20:07', '2018-12-05 23:51:44', 0),
(17, 54, 1, 1, 2, 'Заготовить 2', '1', '2', '3', '4', '5', '6', '7', '8', '9', '10', '2018-12-04 21:20:03', '2018-12-05 23:51:44', 0),
(16, 54, 1, 1, 1, 'Заготовить 1', '1', '2', '3', '4', '5', '6', '7', '8', '9', '10', '2018-12-04 21:19:58', '2018-12-05 23:51:44', 0),
(21, 54, 1, 1, 6, 'Заготовить 6', '1', '2', '3', '4', '5', '6', '7', '8', '9', '10', '2018-12-04 21:20:22', '2018-12-05 23:51:44', 0),
(22, 54, 1, 1, 7, 'Заготовить 7', '1', '2', '3', '4', '5', '6', '7', '8', '9', '10', '2018-12-04 21:20:23', '2018-12-05 23:51:44', 0),
(23, 54, 1, 1, 8, 'Заготовить 8', '1', '2', '3', '4', '5', '6', '7', '8', '9', '10', '2018-12-04 21:20:24', '2018-12-05 23:51:44', 0),
(24, 54, 1, 1, 9, 'Заготовить 9', '1', '2', '3', '4', '5', '6', '7', '8', '9', '10', '2018-12-04 21:20:24', '2018-12-05 23:51:44', 0),
(25, 54, 1, 1, 10, 'Заготовить 10', '1', '2', '3', '4', '5', '6', '7', '8', '9', '10', '2018-12-04 21:20:25', '2018-12-05 23:51:44', 0),
(26, 54, 1, 1, 11, 'Заготовить 11', '1', '2', '3', '4', '5', '6', '7', '8', '9', '10', '2018-12-04 21:20:26', '2018-12-05 23:51:44', 0),
(27, 54, 1, 1, 12, 'Заготовить 12', '0', '0', '0', '0', '0', '0', '0', '0', '0', '0', '2018-12-05 21:13:22', '2018-12-05 23:51:44', 0),
(28, 54, 1, 1, 13, 'Заготовить 13', '0', '0', '0', '0', '0', '0', '0', '0', '0', '0', '2018-12-05 21:13:28', '2018-12-05 23:51:44', 0),
(29, 54, 1, 1, 14, 'Заготовить 14', '0', '0', '0', '0', '0', '0', '0', '0', '0', '0', '2018-12-05 21:13:33', '2018-12-05 23:51:44', 0),
(30, 54, 1, 1, 15, 'Заготовить 15', '0', '0', '0', '0', '0', '0', '0', '0', '0', '0', '2018-12-05 21:13:44', '2018-12-05 23:51:44', 0),
(31, 54, 1, 1, 16, 'Заготовить 16', '0', '0', '0', '0', '0', '0', '0', '0', '0', '0', '2018-12-05 21:13:48', '2018-12-05 23:51:44', 0),
(32, 54, 1, 1, 17, 'Заготовить 16', '0', '0', '0', '0', '0', '0', '0', '0', '0', '0', '2018-12-05 21:13:50', '2018-12-05 23:51:44', 0),
(33, 54, 1, 1, 18, 'Заготовить 17', '0', '0', '0', '0', '0', '0', '0', '0', '0', '0', '2018-12-05 21:13:54', '2018-12-05 23:51:44', 0),
(34, 54, 1, 1, 19, 'Заготовить 18', '0', '0', '0', '0', '0', '0', '0', '0', '0', '0', '2018-12-05 21:14:00', '2018-12-05 23:51:44', 0),
(35, 54, 1, 1, 20, 'Заготовить 19', '0', '0', '0', '0', '0', '0', '0', '0', '0', '0', '2018-12-05 21:14:09', '2018-12-05 23:51:44', 0),
(36, 54, 1, 1, 21, 'Заготовительная', '0', '0', '0', '0', '0', '0', '0', '0', '0', '0', '2018-12-05 23:22:36', '2018-12-05 23:51:44', 0),
(37, 54, 1, 1, 32, 'Заготовительная', '0', '0', '0', '0', '0', '0', '0', '0', '0', '0', '2018-12-05 23:22:36', '2018-12-05 23:51:44', 0),
(38, 54, 1, 1, 33, 'Заготовительная', '0', '0', '0', '0', '0', '0', '0', '0', '0', '0', '2018-12-05 23:22:37', '2018-12-05 23:51:44', 0),
(39, 54, 1, 1, 34, 'Заготовительная', '0', '0', '0', '0', '0', '0', '0', '0', '0', '0', '2018-12-05 23:22:38', '2018-12-05 23:51:44', 0),
(40, 54, 1, 1, 35, 'Заготовительная', '0', '0', '0', '0', '0', '0', '0', '0', '0', '0', '2018-12-05 23:22:38', '2018-12-05 23:51:44', 0),
(41, 54, 1, 1, 36, 'Заготовительная', '0', '0', '0', '0', '0', '0', '0', '0', '0', '0', '2018-12-05 23:22:39', '2018-12-05 23:51:44', 0),
(42, 54, 1, 1, 38, 'Заготовительная', '0', '0', '0', '0', '0', '0', '0', '0', '0', '0', '2018-12-05 23:22:39', '2018-12-05 23:51:44', 0),
(43, 54, 1, 1, 40, 'Заготовительная', '0', '0', '0', '0', '0', '0', '0', '0', '0', '0', '2018-12-05 23:22:40', '2018-12-05 23:51:44', 0),
(44, 54, 1, 1, 42, 'Заготовительная', '0', '0', '0', '0', '0', '0', '0', '0', '0', '0', '2018-12-05 23:22:40', '2018-12-05 23:51:44', 0),
(45, 54, 1, 1, 44, 'Заготовительная', '0', '0', '0', '0', '0', '0', '0', '0', '0', '0', '2018-12-05 23:22:41', '2018-12-05 23:51:44', 0),
(46, 54, 1, 1, 46, 'Заготовительная', '0', '0', '0', '0', '0', '0', '0', '0', '0', '0', '2018-12-05 23:22:41', '2018-12-05 23:51:44', 1),
(47, 54, 1, 1, 48, 'Заготовительная', '0', '0', '0', '0', '0', '0', '0', '0', '0', '0', '2018-12-05 23:22:42', '2018-12-05 23:51:44', 1),
(48, 54, 1, 1, 50, 'Заготовительная', '0', '0', '0', '0', '0', '0', '0', '0', '0', '0', '2018-12-05 23:22:43', '2018-12-05 23:51:44', 1),
(49, 54, 1, 1, 51, 'Заготовительная', '0', '0', '0', '0', '0', '0', '0', '0', '0', '0', '2018-12-05 23:22:43', '2018-12-05 23:51:44', 1),
(50, 54, 1, 1, 52, 'Заготовительная', '0', '0', '0', '0', '0', '0', '0', '0', '0', '0', '2018-12-05 23:22:44', '2018-12-05 23:51:44', 1),
(51, 54, 1, 1, 37, 'Заготовительная', '0', '0', '0', '0', '0', '0', '0', '0', '0', '0', '2018-12-05 23:22:44', '2018-12-05 23:51:44', 0),
(52, 54, 1, 1, 39, 'Заготовительная', '0', '0', '0', '0', '0', '0', '0', '0', '0', '0', '2018-12-05 23:22:45', '2018-12-05 23:51:44', 0),
(53, 54, 1, 1, 41, 'Заготовительная', '0', '0', '0', '0', '0', '0', '0', '0', '0', '0', '2018-12-05 23:22:45', '2018-12-05 23:51:44', 0),
(54, 54, 1, 1, 43, 'Заготовительная', '0', '0', '0', '0', '0', '0', '0', '0', '0', '0', '2018-12-05 23:22:45', '2018-12-05 23:51:44', 0),
(55, 54, 1, 1, 45, 'Заготовительная', '0', '0', '0', '0', '0', '0', '0', '0', '0', '0', '2018-12-05 23:22:45', '2018-12-05 23:51:44', 0),
(56, 54, 1, 1, 47, 'Заготовительная', '0', '0', '0', '0', '0', '0', '0', '0', '0', '0', '2018-12-05 23:22:46', '2018-12-05 23:51:44', 1),
(57, 54, 1, 1, 49, 'Заготовительная', '0', '0', '0', '0', '0', '0', '0', '0', '0', '0', '2018-12-05 23:22:46', '2018-12-05 23:51:44', 1),
(58, 54, 1, 1, 22, 'Заготовительная', '0', '0', '0', '0', '0', '0', '0', '0', '0', '0', '2018-12-05 23:22:46', '2018-12-05 23:51:44', 0),
(59, 54, 1, 1, 23, 'Заготовительная', '0', '0', '0', '0', '0', '0', '0', '0', '0', '0', '2018-12-05 23:22:46', '2018-12-05 23:51:44', 0),
(60, 54, 1, 1, 24, 'Заготовительная', '0', '0', '0', '0', '0', '0', '0', '0', '0', '0', '2018-12-05 23:22:46', '2018-12-05 23:51:44', 0),
(61, 54, 1, 1, 25, 'Заготовительная', '0', '0', '0', '0', '0', '0', '0', '0', '0', '0', '2018-12-05 23:22:47', '2018-12-05 23:51:44', 0),
(62, 54, 1, 1, 26, 'Заготовительная', '0', '0', '0', '0', '0', '0', '0', '0', '0', '0', '2018-12-05 23:22:47', '2018-12-05 23:51:44', 0),
(63, 54, 1, 1, 27, 'Заготовительная', '0', '0', '0', '0', '0', '0', '0', '0', '0', '0', '2018-12-05 23:22:47', '2018-12-05 23:51:44', 0),
(64, 54, 1, 1, 28, 'Заготовительная', '0', '0', '0', '0', '0', '0', '0', '0', '0', '0', '2018-12-05 23:22:48', '2018-12-05 23:51:44', 0),
(65, 54, 1, 1, 29, 'Заготовительная', '0', '0', '0', '0', '0', '0', '0', '0', '0', '0', '2018-12-05 23:22:48', '2018-12-05 23:51:44', 0),
(66, 54, 1, 1, 30, 'Заготовительная', '0', '0', '0', '0', '0', '0', '0', '0', '0', '0', '2018-12-05 23:22:49', '2018-12-05 23:51:44', 0),
(67, 54, 1, 1, 31, 'Заготовительная', '0', '0', '0', '0', '0', '0', '0', '0', '0', '0', '2018-12-05 23:22:50', '2018-12-05 23:51:44', 0);

-- --------------------------------------------------------

--
-- Структура таблицы `ff_doc_rout_map`
--

CREATE TABLE `ff_doc_rout_map` (
  `id` int(11) NOT NULL,
  `id_visitor_create` int(11) NOT NULL,
  `id_visitor_update` int(11) NOT NULL,
  `id_material` int(11) NOT NULL,
  `name` varchar(255) NOT NULL,
  `num_detail` varchar(255) NOT NULL,
  `weight` float NOT NULL,
  `units_measure` varchar(4) NOT NULL,
  `size_d` float NOT NULL,
  `size_w` float NOT NULL,
  `type_ingot` varchar(255) NOT NULL,
  `consumption_rate` float NOT NULL,
  `en` int(11) NOT NULL,
  `kd` varchar(255) NOT NULL,
  `mz` varchar(255) NOT NULL,
  `kim` varchar(255) NOT NULL,
  `kdi` varchar(255) NOT NULL,
  `date_create` datetime NOT NULL DEFAULT CURRENT_TIMESTAMP,
  `date_update` datetime NOT NULL,
  `approve_1` varchar(255) NOT NULL,
  `approve_2` varchar(255) NOT NULL,
  `approve_3` varchar(255) NOT NULL,
  `approve_4` varchar(255) NOT NULL,
  `approve_5` varchar(255) NOT NULL,
  `approve_6` varchar(255) NOT NULL,
  `approve_7` varchar(255) NOT NULL,
  `approve_8` varchar(255) NOT NULL,
  `remark` text NOT NULL,
  `status` int(11) NOT NULL,
  `del` int(11) NOT NULL
) ENGINE=MyISAM DEFAULT CHARSET=utf8;

--
-- Дамп данных таблицы `ff_doc_rout_map`
--

INSERT INTO `ff_doc_rout_map` (`id`, `id_visitor_create`, `id_visitor_update`, `id_material`, `name`, `num_detail`, `weight`, `units_measure`, `size_d`, `size_w`, `type_ingot`, `consumption_rate`, `en`, `kd`, `mz`, `kim`, `kdi`, `date_create`, `date_update`, `approve_1`, `approve_2`, `approve_3`, `approve_4`, `approve_5`, `approve_6`, `approve_7`, `approve_8`, `remark`, `status`, `del`) VALUES
(20, 1, 1, 9, 'Гильза', '38.312.046', 0.2, '3', 8, 3000, 'Пруток', 0.085, 1, '2', '3', '4', '5', '2018-12-01 15:34:17', '2018-12-02 16:41:23', '{}', '{}', '{}', '{}', '{}', '{}', '{}', '{}', 'Тестовая МК', 0, 0),
(21, 1, 1, 9, 'wrerew', 'wer', 324, '3', 234, 234, 'Пруток', 0.085, 5, '4', '3', '2', '1', '2018-12-02 16:03:14', '2018-12-02 16:09:03', '{}', '{}', '{}', '{}', '{}', '{}', '{}', '{}', '0', 0, 0);

-- --------------------------------------------------------

--
-- Структура таблицы `ff_doc_rout_map_item`
--

CREATE TABLE `ff_doc_rout_map_item` (
  `id` int(11) NOT NULL,
  `id_visitor_create` int(11) NOT NULL,
  `id_visitor_update` int(11) NOT NULL,
  `id_rout_map` int(11) NOT NULL,
  `id_rank` int(11) NOT NULL,
  `id_operation` int(11) NOT NULL,
  `num_shop` varchar(255) NOT NULL,
  `num_area` varchar(255) NOT NULL,
  `rm` varchar(255) NOT NULL,
  `num_operation` int(11) NOT NULL,
  `sm` varchar(255) NOT NULL,
  `rank_level` varchar(255) NOT NULL,
  `ut` varchar(255) NOT NULL,
  `kr` varchar(255) NOT NULL,
  `koid` varchar(255) NOT NULL,
  `en` varchar(255) NOT NULL,
  `op` varchar(255) NOT NULL,
  `kst` varchar(255) NOT NULL,
  `tpz` varchar(255) NOT NULL,
  `tst` varchar(255) NOT NULL,
  `date_create` datetime NOT NULL DEFAULT CURRENT_TIMESTAMP,
  `date_update` datetime NOT NULL,
  `del` int(11) NOT NULL
) ENGINE=MyISAM DEFAULT CHARSET=utf8;

--
-- Дамп данных таблицы `ff_doc_rout_map_item`
--

INSERT INTO `ff_doc_rout_map_item` (`id`, `id_visitor_create`, `id_visitor_update`, `id_rout_map`, `id_rank`, `id_operation`, `num_shop`, `num_area`, `rm`, `num_operation`, `sm`, `rank_level`, `ut`, `kr`, `koid`, `en`, `op`, `kst`, `tpz`, `tst`, `date_create`, `date_update`, `del`) VALUES
(128, 1, 0, 20, 17, 9, '02', '0', '0', 15, '0', '0', '0', '0', '0', '0', '0', '0', '0', '0', '2018-12-06 00:22:10', '0000-00-00 00:00:00', 0),
(127, 1, 0, 20, 17, 9, '02', '0', '0', 14, '0', '0', '0', '0', '0', '0', '0', '0', '0', '0', '2018-12-06 00:22:05', '0000-00-00 00:00:00', 0),
(126, 1, 0, 20, 17, 9, '02', '0', '0', 13, '0', '0', '0', '0', '0', '0', '0', '0', '0', '0', '2018-12-06 00:22:01', '0000-00-00 00:00:00', 0),
(125, 1, 0, 20, 17, 9, '02', '0', '0', 12, '0', '0', '0', '0', '0', '0', '0', '0', '0', '0', '2018-12-06 00:21:57', '0000-00-00 00:00:00', 0),
(124, 1, 0, 20, 17, 9, '02', '0', '0', 11, '0', '0', '0', '0', '0', '0', '0', '0', '0', '0', '2018-12-06 00:21:53', '0000-00-00 00:00:00', 0),
(123, 1, 0, 20, 17, 9, '02', '0', '0', 10, '0', '0', '0', '0', '0', '0', '0', '0', '0', '0', '2018-12-06 00:21:50', '0000-00-00 00:00:00', 0),
(122, 1, 0, 20, 17, 10, '02', '0', '0', 9, '0', '0', '0', '0', '0', '0', '0', '0', '0', '0', '2018-12-01 17:55:39', '0000-00-00 00:00:00', 0),
(121, 1, 0, 20, 17, 10, '02', '0', '0', 8, '0', '0', '0', '0', '0', '0', '0', '0', '0', '0', '2018-12-01 17:54:08', '0000-00-00 00:00:00', 0),
(119, 1, 1, 20, 14, 7, '02', '1', 'xx', 6, '0', '0', '0', '0', '0', '0', '0', '30000', '20000', '10000', '2018-12-01 15:38:19', '2018-12-01 17:44:16', 0),
(118, 1, 1, 20, 14, 9, '02', '1', 'xx', 5, '0', '0', '0', '0', '0', '0', '0', '30000', '20000', '10000', '2018-12-01 15:38:13', '2018-12-01 17:44:16', 0),
(117, 1, 1, 20, 14, 9, '02', '1', 'xx', 4, '0', '0', '0', '0', '0', '0', '0', '30000', '20000', '10000', '2018-12-01 15:38:09', '2018-12-01 17:44:16', 0),
(116, 1, 1, 20, 14, 8, '02', '1', 'xx', 2, '0', '0', '0', '0', '0', '0', '0', '30000', '20000', '10000', '2018-12-01 15:38:03', '2018-12-01 17:44:16', 0),
(120, 1, 0, 20, 17, 9, '02', '0', '0', 7, '0', '0', '0', '0', '0', '0', '0', '0', '0', '0', '2018-12-01 17:53:59', '0000-00-00 00:00:00', 0),
(115, 1, 1, 20, 14, 9, '02', '1', 'xx', 3, '0', '0', '0', '0', '0', '0', '0', '30000', '20000', '10000', '2018-12-01 15:37:53', '2018-12-01 17:44:16', 0),
(114, 1, 1, 20, 14, 8, '02', '1', 'xx', 1, '0', '0', '0', '0', '0', '0', '0', '3000000', '2000000', '1000000', '2018-12-01 15:37:41', '2018-12-01 17:44:16', 0),
(129, 1, 0, 20, 17, 9, '02', '0', '0', 16, '0', '0', '0', '0', '0', '0', '0', '0', '0', '0', '2018-12-06 00:22:14', '0000-00-00 00:00:00', 0),
(130, 1, 0, 20, 17, 9, '02', '0', '0', 17, '0', '0', '0', '0', '0', '0', '0', '0', '0', '0', '2018-12-06 00:22:19', '0000-00-00 00:00:00', 0),
(131, 1, 0, 20, 17, 9, '02', '0', '0', 18, '0', '0', '0', '0', '0', '0', '0', '0', '0', '0', '2018-12-06 00:22:23', '0000-00-00 00:00:00', 0),
(132, 1, 0, 20, 17, 9, '02', '0', '0', 19, '0', '0', '0', '0', '0', '0', '0', '0', '0', '0', '2018-12-06 00:22:27', '0000-00-00 00:00:00', 0),
(133, 1, 0, 20, 17, 9, '02', '0', '0', 20, '0', '0', '0', '0', '0', '0', '0', '0', '0', '0', '2018-12-06 00:22:30', '0000-00-00 00:00:00', 0),
(134, 1, 0, 20, 17, 9, '02', '0', '0', 21, '0', '0', '0', '0', '0', '0', '0', '0', '0', '0', '2018-12-06 00:22:34', '0000-00-00 00:00:00', 0),
(135, 1, 0, 20, 17, 9, '02', '0', '0', 22, '0', '0', '0', '0', '0', '0', '0', '0', '0', '0', '2018-12-06 00:22:37', '0000-00-00 00:00:00', 0),
(136, 1, 0, 20, 17, 9, '02', '0', '0', 23, '0', '0', '0', '0', '0', '0', '0', '0', '0', '0', '2018-12-06 00:22:41', '0000-00-00 00:00:00', 0),
(137, 1, 0, 20, 17, 9, '02', '0', '0', 24, '0', '0', '0', '0', '0', '0', '0', '0', '0', '0', '2018-12-06 00:22:44', '0000-00-00 00:00:00', 0),
(138, 1, 0, 20, 17, 9, '02', '0', '0', 25, '0', '0', '0', '0', '0', '0', '0', '0', '0', '0', '2018-12-06 00:22:48', '0000-00-00 00:00:00', 0),
(139, 1, 0, 20, 17, 9, '02', '0', '0', 26, '0', '0', '0', '0', '0', '0', '0', '0', '0', '0', '2018-12-06 00:22:52', '0000-00-00 00:00:00', 0),
(140, 1, 0, 20, 17, 9, '02', '0', '0', 27, '0', '0', '0', '0', '0', '0', '0', '0', '0', '0', '2018-12-06 00:22:55', '0000-00-00 00:00:00', 0),
(141, 1, 0, 20, 17, 9, '02', '0', '0', 28, '0', '0', '0', '0', '0', '0', '0', '0', '0', '0', '2018-12-06 00:22:59', '0000-00-00 00:00:00', 0),
(142, 1, 0, 20, 17, 9, '02', '0', '0', 29, '0', '0', '0', '0', '0', '0', '0', '0', '0', '0', '2018-12-06 00:23:04', '0000-00-00 00:00:00', 0),
(143, 1, 0, 20, 17, 9, '02', '0', '0', 30, '0', '0', '0', '0', '0', '0', '0', '0', '0', '0', '2018-12-06 00:23:07', '0000-00-00 00:00:00', 0),
(144, 1, 0, 20, 17, 8, '02', '0', '0', 30, '0', '0', '0', '0', '0', '0', '0', '0', '0', '0', '2018-12-13 23:03:52', '0000-00-00 00:00:00', 0),
(145, 1, 0, 20, 17, 8, '02', '0', '0', 31, '0', '0', '0', '0', '0', '0', '0', '0', '0', '0', '2018-12-13 23:03:56', '0000-00-00 00:00:00', 0),
(146, 1, 0, 20, 17, 8, '02', '0', '0', 32, '0', '0', '0', '0', '0', '0', '0', '0', '0', '0', '2018-12-13 23:04:00', '0000-00-00 00:00:00', 0),
(147, 1, 0, 20, 17, 8, '02', '0', '0', 33, '0', '0', '0', '0', '0', '0', '0', '0', '0', '0', '2018-12-13 23:04:03', '0000-00-00 00:00:00', 0),
(148, 1, 0, 20, 17, 8, '02', '0', '0', 34, '0', '0', '0', '0', '0', '0', '0', '0', '0', '0', '2018-12-13 23:04:07', '0000-00-00 00:00:00', 0),
(149, 1, 0, 20, 17, 8, '02', '0', '0', 35, '0', '0', '0', '0', '0', '0', '0', '0', '0', '0', '2018-12-13 23:04:10', '0000-00-00 00:00:00', 0),
(150, 1, 0, 20, 17, 8, '02', '0', '0', 36, '0', '0', '0', '0', '0', '0', '0', '0', '0', '0', '2018-12-13 23:04:14', '0000-00-00 00:00:00', 0),
(151, 1, 0, 20, 17, 8, '02', '0', '0', 37, '0', '0', '0', '0', '0', '0', '0', '0', '0', '0', '2018-12-13 23:04:18', '0000-00-00 00:00:00', 0),
(152, 1, 0, 20, 17, 8, '02', '0', '0', 38, '0', '0', '0', '0', '0', '0', '0', '0', '0', '0', '2018-12-13 23:04:22', '0000-00-00 00:00:00', 0),
(153, 1, 0, 20, 17, 8, '02', '0', '0', 39, '0', '0', '0', '0', '0', '0', '0', '0', '0', '0', '2018-12-13 23:04:25', '0000-00-00 00:00:00', 0),
(154, 1, 0, 20, 17, 8, '02', '0', '0', 40, '0', '0', '0', '0', '0', '0', '0', '0', '0', '0', '2018-12-13 23:04:33', '0000-00-00 00:00:00', 0),
(155, 1, 0, 20, 17, 8, '02', '0', '0', 41, '0', '0', '0', '0', '0', '0', '0', '0', '0', '0', '2018-12-13 23:04:37', '0000-00-00 00:00:00', 0),
(156, 1, 0, 20, 17, 8, '02', '0', '0', 42, '0', '0', '0', '0', '0', '0', '0', '0', '0', '0', '2018-12-13 23:04:41', '0000-00-00 00:00:00', 0),
(157, 1, 0, 20, 17, 8, '02', '0', '0', 43, '0', '0', '0', '0', '0', '0', '0', '0', '0', '0', '2018-12-13 23:04:45', '0000-00-00 00:00:00', 0),
(158, 1, 0, 20, 17, 8, '02', '0', '0', 44, '0', '0', '0', '0', '0', '0', '0', '0', '0', '0', '2018-12-13 23:04:48', '0000-00-00 00:00:00', 0),
(159, 1, 0, 20, 17, 8, '02', '0', '0', 45, '0', '0', '0', '0', '0', '0', '0', '0', '0', '0', '2018-12-13 23:04:53', '0000-00-00 00:00:00', 0);

-- --------------------------------------------------------

--
-- Структура таблицы `ff_equipment`
--

CREATE TABLE `ff_equipment` (
  `id` int(11) NOT NULL,
  `id_visitor_create` int(11) NOT NULL,
  `id_visitor_update` int(11) NOT NULL,
  `name` varchar(255) NOT NULL,
  `model` varchar(255) NOT NULL,
  `num` int(11) NOT NULL,
  `date_create` datetime NOT NULL DEFAULT CURRENT_TIMESTAMP,
  `date_update` datetime NOT NULL,
  `remark` text NOT NULL,
  `status` int(11) NOT NULL,
  `del` int(11) NOT NULL
) ENGINE=MyISAM DEFAULT CHARSET=utf8;

--
-- Дамп данных таблицы `ff_equipment`
--

INSERT INTO `ff_equipment` (`id`, `id_visitor_create`, `id_visitor_update`, `name`, `model`, `num`, `date_create`, `date_update`, `remark`, `status`, `del`) VALUES
(6, 1, 0, 'Best', 'T626R', 3, '2018-11-25 00:00:41', '0000-00-00 00:00:00', '', 0, 0),
(5, 1, 0, 'Best', 'T626R', 2, '2018-11-25 00:00:35', '0000-00-00 00:00:00', '', 0, 0),
(4, 1, 0, 'Best', 'T626R', 1, '2018-11-25 00:00:29', '0000-00-00 00:00:00', '', 0, 0),
(7, 1, 0, 'KAMF', '23', 22, '2018-11-27 20:51:35', '0000-00-00 00:00:00', '', 0, 0),
(8, 1, 0, 'Токарно-револьверный автомат + модель', '-', 0, '2018-12-01 14:41:33', '0000-00-00 00:00:00', '', 0, 0);

-- --------------------------------------------------------

--
-- Структура таблицы `ff_global_settings`
--

CREATE TABLE `ff_global_settings` (
  `id` int(11) NOT NULL,
  `name` varchar(255) NOT NULL,
  `type` varchar(255) NOT NULL,
  `priority` int(11) NOT NULL
) ENGINE=MyISAM DEFAULT CHARSET=utf8;

--
-- Дамп данных таблицы `ff_global_settings`
--

INSERT INTO `ff_global_settings` (`id`, `name`, `type`, `priority`) VALUES
(1, 'Продукция', 'material_use', 1),
(2, 'Инструмент', 'material_use', 2),
(3, 'кг', 'units_measure', 1),
(4, 'т', 'units_measure', 2),
(5, 'Пруток', 'type_ingot', 1);

-- --------------------------------------------------------

--
-- Структура таблицы `ff_material`
--

CREATE TABLE `ff_material` (
  `id` int(11) NOT NULL,
  `id_visitor_create` int(11) NOT NULL,
  `id_visitor_update` int(11) NOT NULL,
  `id_type` int(11) NOT NULL,
  `id_use` int(11) NOT NULL,
  `mark` varchar(255) NOT NULL,
  `standart` text NOT NULL,
  `date_create` datetime NOT NULL DEFAULT CURRENT_TIMESTAMP,
  `date_update` datetime NOT NULL,
  `remark` text NOT NULL,
  `status` int(11) NOT NULL,
  `del` int(11) NOT NULL
) ENGINE=MyISAM DEFAULT CHARSET=utf8;

--
-- Дамп данных таблицы `ff_material`
--

INSERT INTO `ff_material` (`id`, `id_visitor_create`, `id_visitor_update`, `id_type`, `id_use`, `mark`, `standart`, `date_create`, `date_update`, `remark`, `status`, `del`) VALUES
(10, 1, 0, 7, 1, 'Р6М5', 'ДСТУ ГОСТ 7.1:2006 ', '2018-11-24 23:58:58', '0000-00-00 00:00:00', '', 0, 0),
(9, 1, 0, 4, 1, 'Р6М5', 'ДСТУ ГОСТ 7.1:2006 ', '2018-11-24 23:58:49', '0000-00-00 00:00:00', '', 0, 0);

-- --------------------------------------------------------

--
-- Структура таблицы `ff_material_type`
--

CREATE TABLE `ff_material_type` (
  `id` int(11) NOT NULL,
  `id_visitor_create` int(11) NOT NULL,
  `id_visitor_update` int(11) NOT NULL,
  `name` varchar(255) NOT NULL,
  `date_create` datetime NOT NULL DEFAULT CURRENT_TIMESTAMP,
  `date_update` datetime NOT NULL,
  `remark` text NOT NULL,
  `status` int(11) NOT NULL,
  `del` int(11) NOT NULL
) ENGINE=MyISAM DEFAULT CHARSET=utf8;

--
-- Дамп данных таблицы `ff_material_type`
--

INSERT INTO `ff_material_type` (`id`, `id_visitor_create`, `id_visitor_update`, `name`, `date_create`, `date_update`, `remark`, `status`, `del`) VALUES
(4, 1, 0, 'Сталь', '2018-11-24 23:56:55', '0000-00-00 00:00:00', '', 0, 0),
(5, 1, 0, 'Чугун', '2018-11-24 23:57:09', '0000-00-00 00:00:00', '', 0, 0),
(6, 1, 0, 'Дерево', '2018-11-24 23:57:15', '0000-00-00 00:00:00', '', 0, 0),
(7, 1, 0, 'Алюминий', '2018-11-24 23:57:23', '0000-00-00 00:00:00', '', 0, 0);

-- --------------------------------------------------------

--
-- Структура таблицы `ff_nav`
--

CREATE TABLE `ff_nav` (
  `id` int(11) NOT NULL,
  `id_parent` int(11) NOT NULL,
  `name` varchar(255) NOT NULL,
  `link` varchar(255) NOT NULL,
  `type` varchar(255) NOT NULL,
  `priority` int(11) NOT NULL,
  `del` int(11) NOT NULL
) ENGINE=MyISAM DEFAULT CHARSET=utf8;

--
-- Дамп данных таблицы `ff_nav`
--

INSERT INTO `ff_nav` (`id`, `id_parent`, `name`, `link`, `type`, `priority`, `del`) VALUES
(1, 0, 'Админ панель', '/admin', 'main', 1, 0),
(2, 0, 'Тех. процессы', '/tech-process', 'main', 2, 0),
(3, 1, 'Пользователи', '/admin/user', 'admin', 2, 0),
(4, 1, 'Подразделения', '/admin/division', 'admin', 1, 0),
(5, 1, 'Материалы', '/admin/material', 'admin', 3, 0),
(6, 1, 'Тех. процессы', '/admin/tech-process', 'admin', 6, 0),
(7, 1, 'Инструмент', '/admin/tool', 'admin', 4, 1),
(8, 1, 'Оборудование', '/admin/equipment', 'admin', 5, 0);

-- --------------------------------------------------------

--
-- Структура таблицы `ff_operation`
--

CREATE TABLE `ff_operation` (
  `id` int(11) NOT NULL,
  `id_visitor_create` int(11) NOT NULL,
  `id_visitor_update` int(11) NOT NULL,
  `name` varchar(255) NOT NULL,
  `date_create` datetime NOT NULL DEFAULT CURRENT_TIMESTAMP,
  `date_update` datetime NOT NULL,
  `remark` text NOT NULL,
  `status` int(11) NOT NULL,
  `del` int(11) NOT NULL
) ENGINE=MyISAM DEFAULT CHARSET=utf8;

--
-- Дамп данных таблицы `ff_operation`
--

INSERT INTO `ff_operation` (`id`, `id_visitor_create`, `id_visitor_update`, `name`, `date_create`, `date_update`, `remark`, `status`, `del`) VALUES
(10, 1, 0, 'Слесарная', '2018-11-25 00:02:02', '0000-00-00 00:00:00', '', 0, 0),
(9, 1, 0, 'Автоматная', '2018-11-25 00:01:55', '0000-00-00 00:00:00', '', 0, 0),
(8, 1, 0, 'Заготовительная', '2018-11-25 00:01:47', '0000-00-00 00:00:00', '', 0, 0),
(7, 1, 0, 'Контроль', '2018-11-25 00:01:16', '0000-00-00 00:00:00', '', 0, 0);

-- --------------------------------------------------------

--
-- Структура таблицы `ff_rank`
--

CREATE TABLE `ff_rank` (
  `id` int(11) NOT NULL,
  `id_division` int(11) NOT NULL,
  `id_visitor_create` int(11) NOT NULL,
  `id_visitor_update` int(11) NOT NULL,
  `name` varchar(255) NOT NULL,
  `date_create` datetime NOT NULL DEFAULT CURRENT_TIMESTAMP,
  `date_update` datetime NOT NULL,
  `remark` text NOT NULL,
  `status` int(11) NOT NULL,
  `del` int(11) NOT NULL
) ENGINE=MyISAM DEFAULT CHARSET=utf8;

--
-- Дамп данных таблицы `ff_rank`
--

INSERT INTO `ff_rank` (`id`, `id_division`, `id_visitor_create`, `id_visitor_update`, `name`, `date_create`, `date_update`, `remark`, `status`, `del`) VALUES
(17, 10, 1, 0, 'Главный бухгалтер', '2018-11-25 12:52:05', '0000-00-00 00:00:00', '', 0, 0),
(16, 9, 1, 0, 'Шлифовальщик', '2018-11-24 23:56:30', '0000-00-00 00:00:00', '', 0, 0),
(15, 9, 1, 0, 'Фрезеровщик', '2018-11-24 23:56:07', '0000-00-00 00:00:00', '', 0, 0),
(14, 9, 1, 0, 'Резчик', '2018-11-24 23:55:54', '0000-00-00 00:00:00', '', 0, 0);

-- --------------------------------------------------------

--
-- Структура таблицы `ff_tool`
--

CREATE TABLE `ff_tool` (
  `id` int(11) NOT NULL,
  `id_visitor_create` int(11) NOT NULL,
  `id_visitor_update` int(11) NOT NULL,
  `id_material` int(11) NOT NULL,
  `id_type` int(11) NOT NULL,
  `description` varchar(255) NOT NULL,
  `standart` text NOT NULL,
  `date_create` datetime NOT NULL DEFAULT CURRENT_TIMESTAMP,
  `date_update` datetime NOT NULL,
  `remark` text NOT NULL,
  `status` int(11) NOT NULL,
  `del` int(11) NOT NULL
) ENGINE=MyISAM DEFAULT CHARSET=utf8;

-- --------------------------------------------------------

--
-- Структура таблицы `ff_tool_type`
--

CREATE TABLE `ff_tool_type` (
  `id` int(11) NOT NULL,
  `id_visitor_create` int(11) NOT NULL,
  `id_visitor_update` int(11) NOT NULL,
  `name` varchar(255) NOT NULL,
  `date_create` datetime NOT NULL DEFAULT CURRENT_TIMESTAMP,
  `date_update` datetime NOT NULL,
  `remark` text NOT NULL,
  `status` int(11) NOT NULL,
  `del` int(11) NOT NULL
) ENGINE=MyISAM DEFAULT CHARSET=utf8;

-- --------------------------------------------------------

--
-- Структура таблицы `ff_user`
--

CREATE TABLE `ff_user` (
  `id` int(11) NOT NULL,
  `id_visitor_create` int(11) NOT NULL,
  `id_visitor_update` int(11) NOT NULL,
  `login` varchar(255) NOT NULL,
  `pass` varchar(32) NOT NULL,
  `rank` varchar(255) NOT NULL,
  `name` varchar(255) NOT NULL,
  `date_birth` date NOT NULL,
  `date_create` datetime NOT NULL DEFAULT CURRENT_TIMESTAMP,
  `date_update` datetime NOT NULL,
  `remark` text NOT NULL,
  `status` int(11) NOT NULL,
  `del` int(11) NOT NULL
) ENGINE=MyISAM DEFAULT CHARSET=utf8;

--
-- Дамп данных таблицы `ff_user`
--

INSERT INTO `ff_user` (`id`, `id_visitor_create`, `id_visitor_update`, `login`, `pass`, `rank`, `name`, `date_birth`, `date_create`, `date_update`, `remark`, `status`, `del`) VALUES
(1, 1, 0, '', '', '{\"rank\": \"111\"}', '{\"name\": \"111\"}', '1990-01-01', '2018-10-07 15:41:34', '0000-00-00 00:00:00', '', 0, 0),
(2, 1, 0, 'admin', '123', '{\"rank\": \"Admin\", \"level\": \"0\"}', '{\"name\": \"Evgeniy\", \"lastName\": \"Saschenko\", \"middleName\": \"Vitalievich\"}', '1990-01-01', '2018-10-07 20:05:22', '0000-00-00 00:00:00', '', 0, 0),
(3, 1, 0, 'admin2', '123', '{\"rank\": \"Admin\", \"level\": \"0\"}', '{\"name\": \"Evgeniy\", \"lastName\": \"Saschenko\", \"middleName\": \"Vitalievich\"}', '1990-01-01', '2018-10-07 20:06:02', '0000-00-00 00:00:00', '', 0, 0),
(4, 1, 0, 'admin5', '123', '{\"rank\": \"Admin\", \"level\": \"0\"}', '{\"name\": \"Evgeniy\", \"lastName\": \"Saschenko\", \"middleName\": \"Vitalievich\"}', '1990-01-01', '2018-10-08 15:35:04', '0000-00-00 00:00:00', '', 0, 0),
(5, 1, 0, 'admin6', '123', '{\"rank\": \"Admin\", \"level\": \"0\"}', '{\"name\": \"Evgeniy\", \"lastName\": \"Saschenko\", \"middleName\": \"Vitalievich\"}', '1990-01-01', '2018-10-08 15:43:25', '0000-00-00 00:00:00', '', 0, 0),
(6, 1, 0, 'admin7', '123', '{\"rank\": \"Admin\", \"level\": \"0\"}', '{\"name\": \"Evgeniy\", \"lastName\": \"Saschenko\", \"middleName\": \"Vitalievich\"}', '1990-01-01', '2018-10-08 15:44:55', '0000-00-00 00:00:00', '', 0, 0),
(7, 1, 0, 'admin8', '123', '{\"rank\": \"Admin\", \"level\": \"0\"}', '{\"name\": \"Evgeniy\", \"lastName\": \"Saschenko\", \"middleName\": \"Vitalievich\"}', '1990-01-01', '2018-10-08 16:45:24', '0000-00-00 00:00:00', '', 0, 0),
(8, 1, 0, 'admin9', '123', '{\"rank\": \"Admin\", \"level\": \"0\"}', '{\"name\": \"Evgeniy\", \"lastName\": \"Saschenko\", \"middleName\": \"Vitalievich\"}', '1990-01-01', '2018-10-08 17:24:48', '0000-00-00 00:00:00', '', 0, 0),
(9, 1, 0, 'admin10', '123', '{\"rank\": \"Admin\", \"level\": \"0\"}', '{\"name\": \"Evgeniy\", \"lastName\": \"Saschenko\", \"middleName\": \"Vitalievich\"}', '1990-01-01', '2018-10-08 17:27:26', '0000-00-00 00:00:00', '', 0, 0),
(10, 1, 0, 'admin11', '123', '{\"rank\": \"Admin\", \"level\": \"0\"}', '{\"name\": \"Evgeniy\", \"lastName\": \"Saschenko\", \"middleName\": \"Vitalievich\"}', '1990-01-01', '2018-10-08 17:28:52', '0000-00-00 00:00:00', '', 0, 0),
(11, 1, 0, 'admin12', '123', '{\"rank\": \"Admin\", \"level\": \"0\"}', '{\"name\": \"Evgeniy\", \"lastName\": \"Saschenko\", \"middleName\": \"Vitalievich\"}', '1990-01-01', '2018-10-08 17:30:33', '0000-00-00 00:00:00', '', 0, 0),
(12, 1, 0, 'admin13', '123', '{\"rank\": \"Admin\", \"level\": \"0\"}', '{\"name\": \"Evgeniy\", \"lastName\": \"Saschenko\", \"middleName\": \"Vitalievich\"}', '1990-01-01', '2018-10-08 17:32:14', '0000-00-00 00:00:00', '', 0, 0),
(13, 1, 0, 'admin14', '123', '{\"rank\": \"Admin\", \"level\": \"0\"}', '{\"name\": \"Evgeniy\", \"lastName\": \"Saschenko\", \"middleName\": \"Vitalievich\"}', '1990-01-01', '2018-10-08 17:34:03', '0000-00-00 00:00:00', '', 0, 0),
(14, 1, 0, 'admin15', '123', '{\"rank\": \"Admin\", \"level\": \"0\"}', '{\"name\": \"Evgeniy\", \"lastName\": \"Saschenko\", \"middleName\": \"Vitalievich\"}', '1990-01-01', '2018-10-08 17:34:08', '0000-00-00 00:00:00', '', 0, 0),
(15, 1, 0, 'admin16', '123', '{\"rank\": \"Admin\", \"level\": \"0\"}', '{\"name\": \"Evgeniy\", \"lastName\": \"Saschenko\", \"middleName\": \"Vitalievich\"}', '1990-01-01', '2018-10-08 17:37:33', '0000-00-00 00:00:00', '', 0, 0),
(16, 1, 0, 'admin17', '3137844e19c507bcc842f0877fb257bd', '{\"rank\": \"Admin\", \"level\": \"0\"}', '{\"name\": \"Evgeniy\", \"lastName\": \"Saschenko\", \"middleName\": \"Vitalievich\"}', '1990-01-01', '2018-10-08 20:09:55', '0000-00-00 00:00:00', '', 0, 0),
(17, 1, 0, 'login444433', '4d99065339e8c07efd54e302de837485', '[]', '\"name\"', '1990-01-01', '2018-10-17 13:44:24', '0000-00-00 00:00:00', '', 0, 0);

-- --------------------------------------------------------

--
-- Структура таблицы `ff_user_visitor`
--

CREATE TABLE `ff_user_visitor` (
  `id` int(11) NOT NULL,
  `id_user` int(11) NOT NULL,
  `ip` varchar(255) NOT NULL,
  `user_agent` varchar(255) NOT NULL,
  `date_create` datetime NOT NULL DEFAULT CURRENT_TIMESTAMP
) ENGINE=MyISAM DEFAULT CHARSET=utf8;

--
-- Дамп данных таблицы `ff_user_visitor`
--

INSERT INTO `ff_user_visitor` (`id`, `id_user`, `ip`, `user_agent`, `date_create`) VALUES
(1, 16, '::1', '{\"os\": \"Windows 10.0\", \"browser\": \"Chrome\", \"version\": \"69.0.3497.100\", \"platform\": \"Microsoft Windows\"}', '2018-10-10 19:37:37'),
(2, 16, '::1', '{\"os\": \"Windows 10.0\", \"browser\": \"Chrome\", \"version\": \"69.0.3497.100\", \"platform\": \"Microsoft Windows\"}', '2018-10-10 19:44:51'),
(3, 16, '::1', '{\"os\": \"Windows 10.0\", \"browser\": \"Chrome\", \"version\": \"69.0.3497.100\", \"platform\": \"Microsoft Windows\"}', '2018-10-10 19:47:39'),
(4, 16, '::1', '{\"os\": \"Windows 10.0\", \"browser\": \"Chrome\", \"version\": \"69.0.3497.100\", \"platform\": \"Microsoft Windows\"}', '2018-10-10 19:49:26'),
(5, 16, '::1', '{\"os\": \"Windows 10.0\", \"browser\": \"Chrome\", \"version\": \"69.0.3497.100\", \"platform\": \"Microsoft Windows\"}', '2018-10-10 19:49:40'),
(6, 16, '::1', '{\"os\": \"Windows 10.0\", \"browser\": \"Chrome\", \"version\": \"69.0.3497.100\", \"platform\": \"Microsoft Windows\"}', '2018-10-10 19:49:57'),
(7, 16, '::1', '{\"os\": \"Windows 10.0\", \"browser\": \"Chrome\", \"version\": \"69.0.3497.100\", \"platform\": \"Microsoft Windows\"}', '2018-10-10 19:50:08'),
(8, 16, '::1', '{\"os\": \"Windows 10.0\", \"browser\": \"Chrome\", \"version\": \"69.0.3497.100\", \"platform\": \"Microsoft Windows\"}', '2018-10-10 19:52:02'),
(9, 16, '::1', '{\"os\": \"Windows 10.0\", \"browser\": \"Chrome\", \"version\": \"69.0.3497.100\", \"platform\": \"Microsoft Windows\"}', '2018-10-10 19:52:21'),
(10, 16, '::1', '{\"os\": \"Windows 10.0\", \"browser\": \"Chrome\", \"version\": \"69.0.3497.100\", \"platform\": \"Microsoft Windows\"}', '2018-10-10 19:52:34'),
(11, 16, '::1', '{\"os\": \"Windows 10.0\", \"browser\": \"Chrome\", \"version\": \"69.0.3497.100\", \"platform\": \"Microsoft Windows\"}', '2018-10-10 19:52:52'),
(12, 16, '::1', '{\"os\": \"Windows 10.0\", \"browser\": \"Chrome\", \"version\": \"69.0.3497.100\", \"platform\": \"Microsoft Windows\"}', '2018-10-10 19:53:04'),
(13, 16, '::1', '{\"os\": \"Windows 10.0\", \"browser\": \"Chrome\", \"version\": \"69.0.3497.100\", \"platform\": \"Microsoft Windows\"}', '2018-10-10 19:53:19'),
(14, 16, '::1', '{\"os\": \"Windows 10.0\", \"browser\": \"Chrome\", \"version\": \"69.0.3497.100\", \"platform\": \"Microsoft Windows\"}', '2018-10-10 19:54:30'),
(15, 16, '::1', '{\"os\": \"Windows 10.0\", \"browser\": \"Chrome\", \"version\": \"69.0.3497.100\", \"platform\": \"Microsoft Windows\"}', '2018-10-10 20:17:45'),
(16, 16, '::1', '{\"os\": \"Windows 10.0\", \"browser\": \"Chrome\", \"version\": \"69.0.3497.100\", \"platform\": \"Microsoft Windows\"}', '2018-10-10 20:34:51'),
(17, 16, '::1', '{\"os\": \"Windows 10.0\", \"browser\": \"Chrome\", \"version\": \"69.0.3497.100\", \"platform\": \"Microsoft Windows\"}', '2018-10-10 20:35:52'),
(18, 16, '::1', '{\"os\": \"Windows 10.0\", \"browser\": \"Chrome\", \"version\": \"69.0.3497.100\", \"platform\": \"Microsoft Windows\"}', '2018-10-10 20:36:06'),
(19, 16, '::1', '{\"os\": \"Windows 10.0\", \"browser\": \"Chrome\", \"version\": \"69.0.3497.100\", \"platform\": \"Microsoft Windows\"}', '2018-10-10 20:36:27'),
(20, 16, '::1', '{\"os\": \"Windows 10.0\", \"browser\": \"Chrome\", \"version\": \"69.0.3497.100\", \"platform\": \"Microsoft Windows\"}', '2018-10-10 20:38:19'),
(21, 16, '::1', '{\"os\": \"Windows 10.0\", \"browser\": \"Chrome\", \"version\": \"69.0.3497.100\", \"platform\": \"Microsoft Windows\"}', '2018-10-10 20:38:57'),
(22, 16, '::1', '{\"os\": \"Windows 10.0\", \"browser\": \"Chrome\", \"version\": \"69.0.3497.100\", \"platform\": \"Microsoft Windows\"}', '2018-10-10 20:39:32'),
(23, 16, '::1', '{\"os\": \"Windows 10.0\", \"browser\": \"Chrome\", \"version\": \"69.0.3497.100\", \"platform\": \"Microsoft Windows\"}', '2018-10-10 21:10:21'),
(24, 16, '::1', '{\"os\": \"Windows 10.0\", \"browser\": \"Chrome\", \"version\": \"69.0.3497.100\", \"platform\": \"Microsoft Windows\"}', '2018-10-10 21:10:53'),
(25, 16, '::1', '{\"os\": \"Windows 10.0\", \"browser\": \"Chrome\", \"version\": \"69.0.3497.100\", \"platform\": \"Microsoft Windows\"}', '2018-10-10 21:14:54'),
(26, 16, '::1', '{\"os\": \"Windows 10.0\", \"browser\": \"Chrome\", \"version\": \"69.0.3497.100\", \"platform\": \"Microsoft Windows\"}', '2018-10-10 21:15:55'),
(27, 16, '::1', '{\"os\": \"Windows 10.0\", \"browser\": \"Chrome\", \"version\": \"69.0.3497.100\", \"platform\": \"Microsoft Windows\"}', '2018-10-10 21:16:32'),
(28, 16, '::1', '{\"os\": \"Windows 10.0\", \"browser\": \"Chrome\", \"version\": \"69.0.3497.100\", \"platform\": \"Microsoft Windows\"}', '2018-10-10 21:17:52'),
(29, 16, '::1', '{\"os\": \"Windows 10.0\", \"browser\": \"Chrome\", \"version\": \"69.0.3497.100\", \"platform\": \"Microsoft Windows\"}', '2018-10-10 21:19:16'),
(30, 16, '::1', '{\"os\": \"Windows 10.0\", \"browser\": \"Chrome\", \"version\": \"69.0.3497.100\", \"platform\": \"Microsoft Windows\"}', '2018-10-10 21:20:06'),
(31, 16, '::1', '{\"os\": \"Windows 10.0\", \"browser\": \"Chrome\", \"version\": \"69.0.3497.100\", \"platform\": \"Microsoft Windows\"}', '2018-10-10 21:21:09'),
(32, 16, '::1', '{\"os\": \"Windows 10.0\", \"browser\": \"Chrome\", \"version\": \"69.0.3497.100\", \"platform\": \"Microsoft Windows\"}', '2018-10-12 21:44:33'),
(33, 16, '::1', '{\"os\": \"Windows 10.0\", \"browser\": \"Chrome\", \"version\": \"69.0.3497.100\", \"platform\": \"Microsoft Windows\"}', '2018-10-17 15:53:48'),
(34, 16, '::1', '{\"os\": \"Windows 10.0\", \"browser\": \"Chrome\", \"version\": \"69.0.3497.100\", \"platform\": \"Microsoft Windows\"}', '2018-10-17 15:55:16'),
(35, 16, '::1', '{\"os\": \"Windows 10.0\", \"browser\": \"Chrome\", \"version\": \"69.0.3497.100\", \"platform\": \"Microsoft Windows\"}', '2018-10-17 16:01:22'),
(36, 16, '::1', '{\"os\": \"Windows 10.0\", \"browser\": \"Chrome\", \"version\": \"69.0.3497.100\", \"platform\": \"Microsoft Windows\"}', '2018-10-17 18:32:56'),
(37, 16, '::1', '{\"os\": \"Windows 10.0\", \"browser\": \"Chrome\", \"version\": \"69.0.3497.100\", \"platform\": \"Microsoft Windows\"}', '2018-10-17 18:33:53'),
(38, 16, '::1', '{\"os\": \"Windows 10.0\", \"browser\": \"Chrome\", \"version\": \"69.0.3497.100\", \"platform\": \"Microsoft Windows\"}', '2018-10-17 18:34:07'),
(39, 16, '::1', '{\"os\": \"Windows 10.0\", \"browser\": \"Chrome\", \"version\": \"69.0.3497.100\", \"platform\": \"Microsoft Windows\"}', '2018-10-17 19:51:37'),
(40, 16, '::1', '{\"os\": \"Windows 10.0\", \"browser\": \"Chrome\", \"version\": \"69.0.3497.100\", \"platform\": \"Microsoft Windows\"}', '2018-10-17 19:52:44'),
(41, 16, '::1', '{\"os\": \"Windows 10.0\", \"browser\": \"Chrome\", \"version\": \"69.0.3497.100\", \"platform\": \"Microsoft Windows\"}', '2018-10-17 19:54:23'),
(42, 16, '::1', '{\"os\": \"Windows 10.0\", \"browser\": \"Chrome\", \"version\": \"69.0.3497.100\", \"platform\": \"Microsoft Windows\"}', '2018-10-17 19:54:52'),
(43, 16, '::1', '{\"os\": \"Windows 10.0\", \"browser\": \"Chrome\", \"version\": \"69.0.3497.100\", \"platform\": \"Microsoft Windows\"}', '2018-10-17 19:54:53'),
(44, 16, '::1', '{\"os\": \"Windows 10.0\", \"browser\": \"Chrome\", \"version\": \"69.0.3497.100\", \"platform\": \"Microsoft Windows\"}', '2018-10-17 19:54:53'),
(45, 16, '::1', '{\"os\": \"Windows 10.0\", \"browser\": \"Chrome\", \"version\": \"69.0.3497.100\", \"platform\": \"Microsoft Windows\"}', '2018-10-17 19:54:54'),
(46, 16, '::1', '{\"os\": \"Windows 10.0\", \"browser\": \"Chrome\", \"version\": \"69.0.3497.100\", \"platform\": \"Microsoft Windows\"}', '2018-10-17 19:55:51'),
(47, 16, '::1', '{\"os\": \"Windows 10.0\", \"browser\": \"Chrome\", \"version\": \"69.0.3497.100\", \"platform\": \"Microsoft Windows\"}', '2018-10-17 20:00:43'),
(48, 16, '::1', '{\"os\": \"Windows 10.0\", \"browser\": \"Chrome\", \"version\": \"69.0.3497.100\", \"platform\": \"Microsoft Windows\"}', '2018-10-17 20:00:45'),
(49, 16, '::1', '{\"os\": \"Windows 10.0\", \"browser\": \"Chrome\", \"version\": \"69.0.3497.100\", \"platform\": \"Microsoft Windows\"}', '2018-10-17 20:01:00'),
(50, 16, '::1', '{\"os\": \"Windows 10.0\", \"browser\": \"Chrome\", \"version\": \"69.0.3497.100\", \"platform\": \"Microsoft Windows\"}', '2018-10-17 20:11:43'),
(51, 16, '::1', '{\"os\": \"Windows 10.0\", \"browser\": \"Chrome\", \"version\": \"69.0.3497.100\", \"platform\": \"Microsoft Windows\"}', '2018-10-17 20:12:03'),
(52, 16, '::1', '{\"os\": \"Windows 10.0\", \"browser\": \"Chrome\", \"version\": \"69.0.3497.100\", \"platform\": \"Microsoft Windows\"}', '2018-10-17 20:12:37');

--
-- Индексы сохранённых таблиц
--

--
-- Индексы таблицы `ff_division`
--
ALTER TABLE `ff_division`
  ADD PRIMARY KEY (`id`);

--
-- Индексы таблицы `ff_doc_operating_map`
--
ALTER TABLE `ff_doc_operating_map`
  ADD PRIMARY KEY (`id`);

--
-- Индексы таблицы `ff_doc_operating_map_item`
--
ALTER TABLE `ff_doc_operating_map_item`
  ADD PRIMARY KEY (`id`);

--
-- Индексы таблицы `ff_doc_rout_map`
--
ALTER TABLE `ff_doc_rout_map`
  ADD PRIMARY KEY (`id`);

--
-- Индексы таблицы `ff_doc_rout_map_item`
--
ALTER TABLE `ff_doc_rout_map_item`
  ADD PRIMARY KEY (`id`);

--
-- Индексы таблицы `ff_equipment`
--
ALTER TABLE `ff_equipment`
  ADD PRIMARY KEY (`id`);

--
-- Индексы таблицы `ff_global_settings`
--
ALTER TABLE `ff_global_settings`
  ADD PRIMARY KEY (`id`);

--
-- Индексы таблицы `ff_material`
--
ALTER TABLE `ff_material`
  ADD PRIMARY KEY (`id`);

--
-- Индексы таблицы `ff_material_type`
--
ALTER TABLE `ff_material_type`
  ADD PRIMARY KEY (`id`);

--
-- Индексы таблицы `ff_nav`
--
ALTER TABLE `ff_nav`
  ADD PRIMARY KEY (`id`);

--
-- Индексы таблицы `ff_operation`
--
ALTER TABLE `ff_operation`
  ADD PRIMARY KEY (`id`);

--
-- Индексы таблицы `ff_rank`
--
ALTER TABLE `ff_rank`
  ADD PRIMARY KEY (`id`);

--
-- Индексы таблицы `ff_tool`
--
ALTER TABLE `ff_tool`
  ADD PRIMARY KEY (`id`);

--
-- Индексы таблицы `ff_tool_type`
--
ALTER TABLE `ff_tool_type`
  ADD PRIMARY KEY (`id`);

--
-- Индексы таблицы `ff_user`
--
ALTER TABLE `ff_user`
  ADD PRIMARY KEY (`id`),
  ADD UNIQUE KEY `login` (`login`);

--
-- Индексы таблицы `ff_user_visitor`
--
ALTER TABLE `ff_user_visitor`
  ADD PRIMARY KEY (`id`);

--
-- AUTO_INCREMENT для сохранённых таблиц
--

--
-- AUTO_INCREMENT для таблицы `ff_division`
--
ALTER TABLE `ff_division`
  MODIFY `id` int(11) NOT NULL AUTO_INCREMENT, AUTO_INCREMENT=11;

--
-- AUTO_INCREMENT для таблицы `ff_doc_operating_map`
--
ALTER TABLE `ff_doc_operating_map`
  MODIFY `id` int(11) NOT NULL AUTO_INCREMENT, AUTO_INCREMENT=100;

--
-- AUTO_INCREMENT для таблицы `ff_doc_operating_map_item`
--
ALTER TABLE `ff_doc_operating_map_item`
  MODIFY `id` int(11) NOT NULL AUTO_INCREMENT, AUTO_INCREMENT=68;

--
-- AUTO_INCREMENT для таблицы `ff_doc_rout_map`
--
ALTER TABLE `ff_doc_rout_map`
  MODIFY `id` int(11) NOT NULL AUTO_INCREMENT, AUTO_INCREMENT=22;

--
-- AUTO_INCREMENT для таблицы `ff_doc_rout_map_item`
--
ALTER TABLE `ff_doc_rout_map_item`
  MODIFY `id` int(11) NOT NULL AUTO_INCREMENT, AUTO_INCREMENT=160;

--
-- AUTO_INCREMENT для таблицы `ff_equipment`
--
ALTER TABLE `ff_equipment`
  MODIFY `id` int(11) NOT NULL AUTO_INCREMENT, AUTO_INCREMENT=9;

--
-- AUTO_INCREMENT для таблицы `ff_global_settings`
--
ALTER TABLE `ff_global_settings`
  MODIFY `id` int(11) NOT NULL AUTO_INCREMENT, AUTO_INCREMENT=6;

--
-- AUTO_INCREMENT для таблицы `ff_material`
--
ALTER TABLE `ff_material`
  MODIFY `id` int(11) NOT NULL AUTO_INCREMENT, AUTO_INCREMENT=11;

--
-- AUTO_INCREMENT для таблицы `ff_material_type`
--
ALTER TABLE `ff_material_type`
  MODIFY `id` int(11) NOT NULL AUTO_INCREMENT, AUTO_INCREMENT=8;

--
-- AUTO_INCREMENT для таблицы `ff_nav`
--
ALTER TABLE `ff_nav`
  MODIFY `id` int(11) NOT NULL AUTO_INCREMENT, AUTO_INCREMENT=10;

--
-- AUTO_INCREMENT для таблицы `ff_operation`
--
ALTER TABLE `ff_operation`
  MODIFY `id` int(11) NOT NULL AUTO_INCREMENT, AUTO_INCREMENT=11;

--
-- AUTO_INCREMENT для таблицы `ff_rank`
--
ALTER TABLE `ff_rank`
  MODIFY `id` int(11) NOT NULL AUTO_INCREMENT, AUTO_INCREMENT=18;

--
-- AUTO_INCREMENT для таблицы `ff_tool`
--
ALTER TABLE `ff_tool`
  MODIFY `id` int(11) NOT NULL AUTO_INCREMENT, AUTO_INCREMENT=9;

--
-- AUTO_INCREMENT для таблицы `ff_tool_type`
--
ALTER TABLE `ff_tool_type`
  MODIFY `id` int(11) NOT NULL AUTO_INCREMENT, AUTO_INCREMENT=6;

--
-- AUTO_INCREMENT для таблицы `ff_user`
--
ALTER TABLE `ff_user`
  MODIFY `id` int(11) NOT NULL AUTO_INCREMENT, AUTO_INCREMENT=18;

--
-- AUTO_INCREMENT для таблицы `ff_user_visitor`
--
ALTER TABLE `ff_user_visitor`
  MODIFY `id` int(11) NOT NULL AUTO_INCREMENT, AUTO_INCREMENT=53;
COMMIT;

/*!40101 SET CHARACTER_SET_CLIENT=@OLD_CHARACTER_SET_CLIENT */;
/*!40101 SET CHARACTER_SET_RESULTS=@OLD_CHARACTER_SET_RESULTS */;
/*!40101 SET COLLATION_CONNECTION=@OLD_COLLATION_CONNECTION */;
